Directory,Status,Duration,SUs,Failure Reason,Vol Error (AF),Vol Error (%),Max WSEL Err,Start Time,End Time,Failure Info,Max WSE (ft),Max Depth (ft),Max Velocity (ft/s),Max Volume (ft^3),Max Flow Balance (ft^3/s),Max Stage BC (ft),Max Inflow BC (cfs),Max Cum PRCP (inc),Max Cum PRCP (in)
SS0019_PP443_SM5_BF1_Base,Running,N/A,0,,N/A,N/A,N/A,Jun 01 22:09,N/A,N/A,N/A,N/A,N/A,N/A,N/A,N/A,N/A,,N/A
SS0021_PP487_SM5_BF1_Base,Running,N/A,0,,N/A,N/A,N/A,Jun 01 19:53,N/A,N/A,N/A,N/A,N/A,N/A,N/A,N/A,N/A,,N/A
SS0034_PP021_SM5_BF1_Base,SUCCESS,6.5325,28,,245076.,0.06087,17.51,May 29 20:36,May 30 03:08,N/A,N/A,N/A,N/A,N/A,N/A,N/A,N/A,,N/A
SS0061_PP159_SM2_BF1_Base,Running,N/A,0,,N/A,N/A,N/A,Jun 01 22:52,N/A,N/A,N/A,N/A,N/A,N/A,N/A,N/A,N/A,,N/A
SS0061_PP314_SM2_BF1_Base,Running,N/A,0,,N/A,N/A,N/A,Jun 01 20:12,N/A,N/A,N/A,N/A,N/A,N/A,N/A,N/A,N/A,,N/A
SS0061_PP334_SM2_BF1_Base,Running,N/A,0,,N/A,N/A,N/A,Jun 01 19:14,N/A,N/A,N/A,N/A,N/A,N/A,N/A,N/A,N/A,,N/A
SS0061_PP364_SM2_BF1_Base,Running,N/A,0,,N/A,N/A,N/A,Jun 01 20:16,N/A,N/A,N/A,N/A,N/A,N/A,N/A,N/A,N/A,,N/A
SS0066_PP492_SM5_BF1_Base,Running,N/A,0,,N/A,N/A,N/A,Jun 01 22:41,N/A,N/A,N/A,N/A,N/A,N/A,N/A,N/A,N/A,,N/A
SS0068_PP186_SM4_BF1_Base,Running,N/A,0,,N/A,N/A,N/A,Jun 01 19:12,N/A,N/A,N/A,N/A,N/A,N/A,N/A,N/A,N/A,,N/A
SS0068_PP354_SM2_BF1_Base,Running,N/A,0,,N/A,N/A,N/A,Jun 01 22:41,N/A,N/A,N/A,N/A,N/A,N/A,N/A,N/A,N/A,,N/A
SS0074_PP232_SM2_BF1_Base,Running,N/A,0,,N/A,N/A,N/A,Jun 01 23:12,N/A,N/A,N/A,N/A,N/A,N/A,N/A,N/A,N/A,,N/A
SS0075_PP008_SM4_BF1_Base,Running,N/A,0,,N/A,N/A,N/A,Jun 01 23:08,N/A,N/A,N/A,N/A,N/A,N/A,N/A,N/A,N/A,,N/A
SS0075_PP024_SM5_BF1_Base,Running,N/A,0,,N/A,N/A,N/A,Jun 01 20:12,N/A,N/A,N/A,N/A,N/A,N/A,N/A,N/A,N/A,,N/A
SS0075_PP055_SM4_BF1_Base,Running,N/A,0,,N/A,N/A,N/A,Jun 01 22:44,N/A,N/A,N/A,N/A,N/A,N/A,N/A,N/A,N/A,,N/A
SS0075_PP072_SM2_BF1_Base,Running,N/A,0,,N/A,N/A,N/A,Jun 01 22:47,N/A,N/A,N/A,N/A,N/A,N/A,N/A,N/A,N/A,,N/A
SS0075_PP118_SM2_BF1_Base,Running,N/A,0,,N/A,N/A,N/A,Jun 01 23:05,N/A,N/A,N/A,N/A,N/A,N/A,N/A,N/A,N/A,,N/A
SS0075_PP167_SM4_BF1_Base,Running,N/A,0,,N/A,N/A,N/A,Jun 01 19:25,N/A,N/A,N/A,N/A,N/A,N/A,N/A,N/A,N/A,,N/A
SS0075_PP173_SM4_BF1_Base,Running,N/A,0,,N/A,N/A,N/A,Jun 01 22:48,N/A,N/A,N/A,N/A,N/A,N/A,N/A,N/A,N/A,,N/A
SS0075_PP186_SM4_BF1_Base,Running,N/A,0,,N/A,N/A,N/A,Jun 01 22:56,N/A,N/A,N/A,N/A,N/A,N/A,N/A,N/A,N/A,,N/A
SS0075_PP229_SM5_BF1_Base,Running,N/A,0,,N/A,N/A,N/A,Jun 01 20:04,N/A,N/A,N/A,N/A,N/A,N/A,N/A,N/A,N/A,,N/A
SS0075_PP257_SM5_BF1_Base,Running,N/A,0,,N/A,N/A,N/A,Jun 01 22:45,N/A,N/A,N/A,N/A,N/A,N/A,N/A,N/A,N/A,,N/A
SS0075_PP314_SM4_BF1_Base,Running,N/A,0,,N/A,N/A,N/A,Jun 01 22:48,N/A,N/A,N/A,N/A,N/A,N/A,N/A,N/A,N/A,,N/A
SS0075_PP323_SM2_BF1_Base,Running,N/A,0,,N/A,N/A,N/A,Jun 01 20:12,N/A,N/A,N/A,N/A,N/A,N/A,N/A,N/A,N/A,,N/A
SS0075_PP334_SM5_BF1_Base,Running,N/A,0,,N/A,N/A,N/A,Jun 01 19:57,N/A,N/A,N/A,N/A,N/A,N/A,N/A,N/A,N/A,,N/A
SS0075_PP378_SM4_BF1_Base,Running,N/A,0,,N/A,N/A,N/A,Jun 01 19:12,N/A,N/A,N/A,N/A,N/A,N/A,N/A,N/A,N/A,,N/A
SS0075_PP408_SM2_BF1_Base,Running,N/A,0,,N/A,N/A,N/A,Jun 01 23:10,N/A,N/A,N/A,N/A,N/A,N/A,N/A,N/A,N/A,,N/A
SS0075_PP462_SM5_BF1_Base,Running,N/A,0,,N/A,N/A,N/A,Jun 01 22:22,N/A,N/A,N/A,N/A,N/A,N/A,N/A,N/A,N/A,,N/A
SS0075_PP468_SM4_BF1_Base,Running,N/A,0,,N/A,N/A,N/A,Jun 01 19:15,N/A,N/A,N/A,N/A,N/A,N/A,N/A,N/A,N/A,,N/A
SS0076_PP216_SM4_BF1_Base,Running,N/A,0,,N/A,N/A,N/A,Jun 01 19:05,N/A,N/A,N/A,N/A,N/A,N/A,N/A,N/A,N/A,,N/A
SS0076_PP431_SM2_BF1_Base,Running,N/A,0,,N/A,N/A,N/A,Jun 01 20:01,N/A,N/A,N/A,N/A,N/A,N/A,N/A,N/A,N/A,,N/A
SS0080_PP119_SM5_BF1_Base,Running,N/A,0,,N/A,N/A,N/A,Jun 01 19:04,N/A,N/A,N/A,N/A,N/A,N/A,N/A,N/A,N/A,,N/A
SS0080_PP165_SM5_BF1_Base,Running,N/A,0,,N/A,N/A,N/A,Jun 01 23:08,N/A,N/A,N/A,N/A,N/A,N/A,N/A,N/A,N/A,,N/A
SS0082_PP419_SM2_BF1_Base,Running,N/A,0,,N/A,N/A,N/A,Jun 01 22:41,N/A,N/A,N/A,N/A,N/A,N/A,N/A,N/A,N/A,,N/A
SS0083_PP043_SM2_BF1_Base,Running,N/A,0,,N/A,N/A,N/A,Jun 01 19:24,N/A,N/A,N/A,N/A,N/A,N/A,N/A,N/A,N/A,,N/A
SS0083_PP086_SM4_BF1_Base,Running,N/A,0,,N/A,N/A,N/A,Jun 01 23:03,N/A,N/A,N/A,N/A,N/A,N/A,N/A,N/A,N/A,,N/A
SS0083_PP219_SM2_BF1_Base,Running,N/A,0,,N/A,N/A,N/A,Jun 01 20:04,N/A,N/A,N/A,N/A,N/A,N/A,N/A,N/A,N/A,,N/A
SS0083_PP328_SM4_BF1_Base,Running,N/A,0,,N/A,N/A,N/A,Jun 01 20:21,N/A,N/A,N/A,N/A,N/A,N/A,N/A,N/A,N/A,,N/A
SS0083_PP463_SM2_BF1_Base,Running,N/A,0,,N/A,N/A,N/A,Jun 01 20:16,N/A,N/A,N/A,N/A,N/A,N/A,N/A,N/A,N/A,,N/A
SS0087_PP385_SM5_BF1_Base,Running,N/A,0,,N/A,N/A,N/A,Jun 01 20:12,N/A,N/A,N/A,N/A,N/A,N/A,N/A,N/A,N/A,,N/A
SS0087_PP436_SM2_BF1_Base,Running,N/A,0,,N/A,N/A,N/A,Jun 01 20:13,N/A,N/A,N/A,N/A,N/A,N/A,N/A,N/A,N/A,,N/A
SS0089_PP025_SM5_BF1_Base,Running,N/A,0,,N/A,N/A,N/A,Jun 01 19:08,N/A,N/A,N/A,N/A,N/A,N/A,N/A,N/A,N/A,,N/A
SS0099_PP343_SM4_BF1_Base,Running,N/A,0,,N/A,N/A,N/A,Jun 01 22:42,N/A,N/A,N/A,N/A,N/A,N/A,N/A,N/A,N/A,,N/A
SS0125_PP089_SM4_BF1_Base,Running,N/A,0,,N/A,N/A,N/A,Jun 01 19:08,N/A,N/A,N/A,N/A,N/A,N/A,N/A,N/A,N/A,,N/A
SS0131_PP186_SM5_BF1_Base,Running,N/A,0,,N/A,N/A,N/A,Jun 01 20:16,N/A,N/A,N/A,N/A,N/A,N/A,N/A,N/A,N/A,,N/A
SS0131_PP498_SM4_BF1_Base,Running,N/A,0,,N/A,N/A,N/A,Jun 01 19:52,N/A,N/A,N/A,N/A,N/A,N/A,N/A,N/A,N/A,,N/A
SS0132_PP428_SM5_BF1_Base,Running,N/A,0,,N/A,N/A,N/A,Jun 01 20:01,N/A,N/A,N/A,N/A,N/A,N/A,N/A,N/A,N/A,,N/A
SS0139_PP265_SM5_BF1_Base,Running,N/A,0,,N/A,N/A,N/A,Jun 01 22:29,N/A,N/A,N/A,N/A,N/A,N/A,N/A,N/A,N/A,,N/A
SS0141_PP257_SM2_BF1_Base,Running,N/A,0,,N/A,N/A,N/A,Jun 01 20:16,N/A,N/A,N/A,N/A,N/A,N/A,N/A,N/A,N/A,,N/A
SS0142_PP192_SM2_BF1_Base,Running,N/A,0,,N/A,N/A,N/A,Jun 01 19:25,N/A,N/A,N/A,N/A,N/A,N/A,N/A,N/A,N/A,,N/A
SS0146_PP109_SM4_BF1_Base,Running,N/A,0,,N/A,N/A,N/A,Jun 01 22:09,N/A,N/A,N/A,N/A,N/A,N/A,N/A,N/A,N/A,,N/A
SS0146_PP175_SM2_BF1_Base,Running,N/A,0,,N/A,N/A,N/A,Jun 01 22:52,N/A,N/A,N/A,N/A,N/A,N/A,N/A,N/A,N/A,,N/A
SS0146_PP195_SM4_BF1_Base,Running,N/A,0,,N/A,N/A,N/A,Jun 01 22:48,N/A,N/A,N/A,N/A,N/A,N/A,N/A,N/A,N/A,,N/A
SS0146_PP406_SM4_BF1_Base,Running,N/A,0,,N/A,N/A,N/A,Jun 01 19:25,N/A,N/A,N/A,N/A,N/A,N/A,N/A,N/A,N/A,,N/A
SS0146_PP444_SM2_BF1_Base,Running,N/A,0,,N/A,N/A,N/A,Jun 01 22:41,N/A,N/A,N/A,N/A,N/A,N/A,N/A,N/A,N/A,,N/A
SS0146_PP481_SM5_BF1_Base,Running,N/A,0,,N/A,N/A,N/A,Jun 01 19:09,N/A,N/A,N/A,N/A,N/A,N/A,N/A,N/A,N/A,,N/A
SS0148_PP015_SM5_BF1_Base,Running,N/A,0,,N/A,N/A,N/A,Jun 01 22:45,N/A,N/A,N/A,N/A,N/A,N/A,N/A,N/A,N/A,,N/A
SS0148_PP078_SM5_BF1_Base,Running,N/A,0,,N/A,N/A,N/A,Jun 01 22:29,N/A,N/A,N/A,N/A,N/A,N/A,N/A,N/A,N/A,,N/A
SS0148_PP080_SM5_BF1_Base,Running,N/A,0,,N/A,N/A,N/A,Jun 01 22:53,N/A,N/A,N/A,N/A,N/A,N/A,N/A,N/A,N/A,,N/A
SS0148_PP108_SM5_BF1_Base,Running,N/A,0,,N/A,N/A,N/A,Jun 01 19:04,N/A,N/A,N/A,N/A,N/A,N/A,N/A,N/A,N/A,,N/A
SS0148_PP296_SM5_BF1_Base,Running,N/A,0,,N/A,N/A,N/A,Jun 01 19:05,N/A,N/A,N/A,N/A,N/A,N/A,N/A,N/A,N/A,,N/A
SS0148_PP303_SM5_BF1_Base,Running,N/A,0,,N/A,N/A,N/A,Jun 01 22:56,N/A,N/A,N/A,N/A,N/A,N/A,N/A,N/A,N/A,,N/A
SS0148_PP345_SM5_BF1_Base,Running,N/A,0,,N/A,N/A,N/A,Jun 01 23:04,N/A,N/A,N/A,N/A,N/A,N/A,N/A,N/A,N/A,,N/A
SS0148_PP386_SM5_BF1_Base,Running,N/A,0,,N/A,N/A,N/A,Jun 01 19:58,N/A,N/A,N/A,N/A,N/A,N/A,N/A,N/A,N/A,,N/A
SS0148_PP392_SM5_BF1_Base,Running,N/A,0,,N/A,N/A,N/A,Jun 01 20:16,N/A,N/A,N/A,N/A,N/A,N/A,N/A,N/A,N/A,,N/A
SS0148_PP394_SM5_BF1_Base,Running,N/A,0,,N/A,N/A,N/A,Jun 01 19:53,N/A,N/A,N/A,N/A,N/A,N/A,N/A,N/A,N/A,,N/A
SS0148_PP420_SM5_BF1_Base,Running,N/A,0,,N/A,N/A,N/A,Jun 01 19:26,N/A,N/A,N/A,N/A,N/A,N/A,N/A,N/A,N/A,,N/A
SS0148_PP433_SM2_BF1_Base,Running,N/A,0,,N/A,N/A,N/A,Jun 01 19:04,N/A,N/A,N/A,N/A,N/A,N/A,N/A,N/A,N/A,,N/A
SS0148_PP445_SM4_BF1_Base,Running,N/A,0,,N/A,N/A,N/A,Jun 01 23:04,N/A,N/A,N/A,N/A,N/A,N/A,N/A,N/A,N/A,,N/A
SS0148_PP459_SM5_BF1_Base,Running,N/A,0,,N/A,N/A,N/A,Jun 01 22:56,N/A,N/A,N/A,N/A,N/A,N/A,N/A,N/A,N/A,,N/A
SS0148_PP496_SM4_BF1_Base,Running,N/A,0,,N/A,N/A,N/A,Jun 01 22:55,N/A,N/A,N/A,N/A,N/A,N/A,N/A,N/A,N/A,,N/A
SS0156_PP025_SM4_BF1_Base,Running,N/A,0,,N/A,N/A,N/A,Jun 01 19:25,N/A,N/A,N/A,N/A,N/A,N/A,N/A,N/A,N/A,,N/A
SS0156_PP150_SM4_BF1_Base,Running,N/A,0,,N/A,N/A,N/A,Jun 01 22:09,N/A,N/A,N/A,N/A,N/A,N/A,N/A,N/A,N/A,,N/A
SS0156_PP245_SM5_BF1_Base,Running,N/A,0,,N/A,N/A,N/A,Jun 01 19:24,N/A,N/A,N/A,N/A,N/A,N/A,N/A,N/A,N/A,,N/A
SS0156_PP253_SM4_BF1_Base,Running,N/A,0,,N/A,N/A,N/A,Jun 01 22:52,N/A,N/A,N/A,N/A,N/A,N/A,N/A,N/A,N/A,,N/A
SS0156_PP282_SM2_BF1_Base,Running,N/A,0,,N/A,N/A,N/A,Jun 01 19:12,N/A,N/A,N/A,N/A,N/A,N/A,N/A,N/A,N/A,,N/A
SS0156_PP285_SM2_BF1_Base,Running,N/A,0,,N/A,N/A,N/A,Jun 01 22:20,N/A,N/A,N/A,N/A,N/A,N/A,N/A,N/A,N/A,,N/A
SS0156_PP434_SM4_BF1_Base,Running,N/A,0,,N/A,N/A,N/A,Jun 01 22:56,N/A,N/A,N/A,N/A,N/A,N/A,N/A,N/A,N/A,,N/A
SS0157_PP232_SM2_BF1_Base,Running,N/A,0,,N/A,N/A,N/A,Jun 01 20:13,N/A,N/A,N/A,N/A,N/A,N/A,N/A,N/A,N/A,,N/A
SS0157_PP446_SM2_BF1_Base,Running,N/A,0,,N/A,N/A,N/A,Jun 01 19:15,N/A,N/A,N/A,N/A,N/A,N/A,N/A,N/A,N/A,,N/A
SS0157_PP449_SM4_BF1_Base,Running,N/A,0,,N/A,N/A,N/A,Jun 01 20:04,N/A,N/A,N/A,N/A,N/A,N/A,N/A,N/A,N/A,,N/A
SS0164_PP259_SM5_BF1_Base,Running,N/A,0,,N/A,N/A,N/A,Jun 01 18:57,N/A,N/A,N/A,N/A,N/A,N/A,N/A,N/A,N/A,,N/A
SS0165_PP025_SM2_BF1_Base,Running,N/A,0,,N/A,N/A,N/A,Jun 01 22:48,N/A,N/A,N/A,N/A,N/A,N/A,N/A,N/A,N/A,,N/A
SS0165_PP060_SM4_BF1_Base,Running,N/A,0,,N/A,N/A,N/A,Jun 01 19:54,N/A,N/A,N/A,N/A,N/A,N/A,N/A,N/A,N/A,,N/A
SS0165_PP322_SM4_BF1_Base,Running,N/A,0,,N/A,N/A,N/A,Jun 01 19:56,N/A,N/A,N/A,N/A,N/A,N/A,N/A,N/A,N/A,,N/A
SS0166_PP110_SM2_BF1_Base,Running,N/A,0,,N/A,N/A,N/A,Jun 01 18:59,N/A,N/A,N/A,N/A,N/A,N/A,N/A,N/A,N/A,,N/A
SS0172_PP162_SM4_BF1_Base,Running,N/A,0,,N/A,N/A,N/A,Jun 01 22:56,N/A,N/A,N/A,N/A,N/A,N/A,N/A,N/A,N/A,,N/A
SS0173_PP224_SM5_BF1_Base,Running,N/A,0,,N/A,N/A,N/A,Jun 01 19:12,N/A,N/A,N/A,N/A,N/A,N/A,N/A,N/A,N/A,,N/A
SS0173_PP378_SM5_BF1_Base,Running,N/A,0,,N/A,N/A,N/A,Jun 01 20:01,N/A,N/A,N/A,N/A,N/A,N/A,N/A,N/A,N/A,,N/A
SS0178_PP316_SM5_BF1_Base,Running,N/A,0,,N/A,N/A,N/A,Jun 01 20:04,N/A,N/A,N/A,N/A,N/A,N/A,N/A,N/A,N/A,,N/A
SS0180_PP349_SM5_BF1_Base,Running,N/A,0,,N/A,N/A,N/A,Jun 01 22:20,N/A,N/A,N/A,N/A,N/A,N/A,N/A,N/A,N/A,,N/A
SS0181_PP085_SM5_BF1_Base,Running,N/A,0,,N/A,N/A,N/A,Jun 01 20:04,N/A,N/A,N/A,N/A,N/A,N/A,N/A,N/A,N/A,,N/A
SS0181_PP132_SM4_BF1_Base,Running,N/A,0,,N/A,N/A,N/A,Jun 01 19:57,N/A,N/A,N/A,N/A,N/A,N/A,N/A,N/A,N/A,,N/A
SS0186_PP261_SM4_BF1_Base,Running,N/A,0,,N/A,N/A,N/A,Jun 01 19:12,N/A,N/A,N/A,N/A,N/A,N/A,N/A,N/A,N/A,,N/A
SS0189_PP261_SM5_BF1_Base,Running,N/A,0,,N/A,N/A,N/A,Jun 01 19:24,N/A,N/A,N/A,N/A,N/A,N/A,N/A,N/A,N/A,,N/A
SS0196_PP177_SM5_BF1_Base,Running,N/A,0,,N/A,N/A,N/A,Jun 01 22:21,N/A,N/A,N/A,N/A,N/A,N/A,N/A,N/A,N/A,,N/A
SS0196_PP353_SM2_BF1_Base,Running,N/A,0,,N/A,N/A,N/A,Jun 01 18:56,N/A,N/A,N/A,N/A,N/A,N/A,N/A,N/A,N/A,,N/A
SS0197_PP177_SM2_BF1_Base,Running,N/A,0,,N/A,N/A,N/A,Jun 01 22:44,N/A,N/A,N/A,N/A,N/A,N/A,N/A,N/A,N/A,,N/A
SS0202_PP297_SM2_BF1_Base,Running,N/A,0,,N/A,N/A,N/A,Jun 01 19:12,N/A,N/A,N/A,N/A,N/A,N/A,N/A,N/A,N/A,,N/A
SS0213_PP049_SM2_BF1_Base,Running,N/A,0,,N/A,N/A,N/A,Jun 01 22:56,N/A,N/A,N/A,N/A,N/A,N/A,N/A,N/A,N/A,,N/A
SS0225_PP471_SM4_BF1_Base,Running,N/A,0,,N/A,N/A,N/A,Jun 01 22:28,N/A,N/A,N/A,N/A,N/A,N/A,N/A,N/A,N/A,,N/A
SS0228_PP344_SM4_BF1_Base,Running,N/A,0,,N/A,N/A,N/A,Jun 01 20:01,N/A,N/A,N/A,N/A,N/A,N/A,N/A,N/A,N/A,,N/A
SS0229_PP248_SM2_BF1_Base,Running,N/A,0,,N/A,N/A,N/A,Jun 01 22:09,N/A,N/A,N/A,N/A,N/A,N/A,N/A,N/A,N/A,,N/A
SS0229_PP314_SM2_BF1_Base,Running,N/A,0,,N/A,N/A,N/A,Jun 01 19:04,N/A,N/A,N/A,N/A,N/A,N/A,N/A,N/A,N/A,,N/A
SS0229_PP372_SM2_BF1_Base,Running,N/A,0,,N/A,N/A,N/A,Jun 01 18:56,N/A,N/A,N/A,N/A,N/A,N/A,N/A,N/A,N/A,,N/A
SS0229_PP473_SM4_BF1_Base,Running,N/A,0,,N/A,N/A,N/A,Jun 01 19:08,N/A,N/A,N/A,N/A,N/A,N/A,N/A,N/A,N/A,,N/A
SS0234_PP187_SM4_BF1_Base,Running,N/A,0,,N/A,N/A,N/A,Jun 01 20:00,N/A,N/A,N/A,N/A,N/A,N/A,N/A,N/A,N/A,,N/A
SS0234_PP272_SM5_BF1_Base,Running,N/A,0,,N/A,N/A,N/A,Jun 01 20:01,N/A,N/A,N/A,N/A,N/A,N/A,N/A,N/A,N/A,,N/A
SS0234_PP485_SM4_BF1_Base,Running,N/A,0,,N/A,N/A,N/A,Jun 01 20:01,N/A,N/A,N/A,N/A,N/A,N/A,N/A,N/A,N/A,,N/A
SS0237_PP076_SM1_BF1_Base,SUCCESS,7.946388888888889,32,,264141.,0.05053,17.51,May 29 20:37,May 30 04:33,N/A,N/A,N/A,N/A,N/A,N/A,N/A,N/A,,N/A
SS0242_PP217_SM5_BF1_Base,Running,N/A,0,,N/A,N/A,N/A,Jun 01 22:56,N/A,N/A,N/A,N/A,N/A,N/A,N/A,N/A,N/A,,N/A
SS0242_PP221_SM5_BF1_Base,Running,N/A,0,,N/A,N/A,N/A,Jun 01 18:57,N/A,N/A,N/A,N/A,N/A,N/A,N/A,N/A,N/A,,N/A
SS0242_PP387_SM4_BF1_Base,Running,N/A,0,,N/A,N/A,N/A,Jun 01 22:48,N/A,N/A,N/A,N/A,N/A,N/A,N/A,N/A,N/A,,N/A
SS0243_PP293_SM2_BF1_Base,Running,N/A,0,,N/A,N/A,N/A,Jun 01 20:05,N/A,N/A,N/A,N/A,N/A,N/A,N/A,N/A,N/A,,N/A
SS0248_PP438_SM5_BF1_Base,Running,N/A,0,,N/A,N/A,N/A,Jun 01 22:21,N/A,N/A,N/A,N/A,N/A,N/A,N/A,N/A,N/A,,N/A
SS0250_PP170_SM5_BF1_Base,Running,N/A,0,,N/A,N/A,N/A,Jun 01 19:04,N/A,N/A,N/A,N/A,N/A,N/A,N/A,N/A,N/A,,N/A
SS0250_PP235_SM2_BF1_Base,Running,N/A,0,,N/A,N/A,N/A,Jun 01 19:08,N/A,N/A,N/A,N/A,N/A,N/A,N/A,N/A,N/A,,N/A
SS0250_PP298_SM5_BF1_Base,Running,N/A,0,,N/A,N/A,N/A,Jun 01 20:04,N/A,N/A,N/A,N/A,N/A,N/A,N/A,N/A,N/A,,N/A
SS0250_PP300_SM4_BF1_Base,Running,N/A,0,,N/A,N/A,N/A,Jun 01 19:13,N/A,N/A,N/A,N/A,N/A,N/A,N/A,N/A,N/A,,N/A
SS0252_PP454_SM5_BF1_Base,Running,N/A,0,,N/A,N/A,N/A,Jun 01 20:04,N/A,N/A,N/A,N/A,N/A,N/A,N/A,N/A,N/A,,N/A
SS0253_PP377_SM4_BF1_Base,SUCCESS,8.092777777777778,36,,223960.,0.03025,21.31,May 29 20:37,May 30 04:42,N/A,N/A,N/A,N/A,N/A,N/A,N/A,N/A,,N/A
SS0256_PP227_SM2_BF1_Base,Running,N/A,0,,N/A,N/A,N/A,Jun 01 20:16,N/A,N/A,N/A,N/A,N/A,N/A,N/A,N/A,N/A,,N/A
SS0257_PP015_SM4_BF1_Base,Running,N/A,0,,N/A,N/A,N/A,Jun 01 20:04,N/A,N/A,N/A,N/A,N/A,N/A,N/A,N/A,N/A,,N/A
SS0257_PP019_SM4_BF1_Base,Running,N/A,0,,N/A,N/A,N/A,Jun 01 22:29,N/A,N/A,N/A,N/A,N/A,N/A,N/A,N/A,N/A,,N/A
SS0262_PP044_SM5_BF1_Base,Running,N/A,0,,N/A,N/A,N/A,Jun 01 20:05,N/A,N/A,N/A,N/A,N/A,N/A,N/A,N/A,N/A,,N/A
SS0262_PP432_SM4_BF1_Base,Running,N/A,0,,N/A,N/A,N/A,Jun 01 20:04,N/A,N/A,N/A,N/A,N/A,N/A,N/A,N/A,N/A,,N/A
SS0263_PP012_SM4_BF1_Base,Running,N/A,0,,N/A,N/A,N/A,Jun 01 22:33,N/A,N/A,N/A,N/A,N/A,N/A,N/A,N/A,N/A,,N/A
SS0263_PP081_SM5_BF1_Base,Running,N/A,0,,N/A,N/A,N/A,Jun 01 22:09,N/A,N/A,N/A,N/A,N/A,N/A,N/A,N/A,N/A,,N/A
SS0264_PP081_SM2_BF1_Base,Running,N/A,0,,N/A,N/A,N/A,Jun 01 20:12,N/A,N/A,N/A,N/A,N/A,N/A,N/A,N/A,N/A,,N/A
SS0269_PP111_SM2_BF1_Base,Running,N/A,0,,N/A,N/A,N/A,Jun 01 22:56,N/A,N/A,N/A,N/A,N/A,N/A,N/A,N/A,N/A,,N/A
SS0270_PP161_SM4_BF1_Base,Running,N/A,0,,N/A,N/A,N/A,Jun 01 22:56,N/A,N/A,N/A,N/A,N/A,N/A,N/A,N/A,N/A,,N/A
SS0276_PP020_SM4_BF1_Base,Running,N/A,0,,N/A,N/A,N/A,Jun 01 19:12,N/A,N/A,N/A,N/A,N/A,N/A,N/A,N/A,N/A,,N/A
SS0276_PP026_SM5_BF1_Base,Running,N/A,0,,N/A,N/A,N/A,Jun 01 19:53,N/A,N/A,N/A,N/A,N/A,N/A,N/A,N/A,N/A,,N/A
SS0276_PP174_SM5_BF1_Base,Running,N/A,0,,N/A,N/A,N/A,Jun 01 18:56,N/A,N/A,N/A,N/A,N/A,N/A,N/A,N/A,N/A,,N/A
SS0276_PP264_SM4_BF1_Base,Running,N/A,0,,N/A,N/A,N/A,Jun 01 20:01,N/A,N/A,N/A,N/A,N/A,N/A,N/A,N/A,N/A,,N/A
SS0276_PP397_SM5_BF1_Base,Running,N/A,0,,N/A,N/A,N/A,Jun 01 22:48,N/A,N/A,N/A,N/A,N/A,N/A,N/A,N/A,N/A,,N/A
SS0277_PP378_SM5_BF1_Base,Running,N/A,0,,N/A,N/A,N/A,Jun 01 20:16,N/A,N/A,N/A,N/A,N/A,N/A,N/A,N/A,N/A,,N/A
SS0278_PP227_SM2_BF1_Base,Running,N/A,0,,N/A,N/A,N/A,Jun 01 20:04,N/A,N/A,N/A,N/A,N/A,N/A,N/A,N/A,N/A,,N/A
SS0278_PP404_SM4_BF1_Base,Running,N/A,0,,N/A,N/A,N/A,Jun 01 22:56,N/A,N/A,N/A,N/A,N/A,N/A,N/A,N/A,N/A,,N/A
SS0281_PP021_SM5_BF1_Base,Running,N/A,0,,N/A,N/A,N/A,Jun 01 19:57,N/A,N/A,N/A,N/A,N/A,N/A,N/A,N/A,N/A,,N/A
SS0284_PP163_SM5_BF1_Base,Running,N/A,0,,N/A,N/A,N/A,Jun 01 20:16,N/A,N/A,N/A,N/A,N/A,N/A,N/A,N/A,N/A,,N/A
SS0285_PP015_SM4_BF1_Base,Running,N/A,0,,N/A,N/A,N/A,Jun 01 19:12,N/A,N/A,N/A,N/A,N/A,N/A,N/A,N/A,N/A,,N/A
SS0285_PP114_SM4_BF1_Base,Running,N/A,0,,N/A,N/A,N/A,Jun 01 19:08,N/A,N/A,N/A,N/A,N/A,N/A,N/A,N/A,N/A,,N/A
SS0285_PP422_SM2_BF1_Base,Running,N/A,0,,N/A,N/A,N/A,Jun 01 19:04,N/A,N/A,N/A,N/A,N/A,N/A,N/A,N/A,N/A,,N/A
SS0288_PP049_SM2_BF1_Base,Running,N/A,0,,N/A,N/A,N/A,Jun 01 19:04,N/A,N/A,N/A,N/A,N/A,N/A,N/A,N/A,N/A,,N/A
SS0289_PP446_SM4_BF1_Base,Running,N/A,0,,N/A,N/A,N/A,Jun 01 23:08,N/A,N/A,N/A,N/A,N/A,N/A,N/A,N/A,N/A,,N/A
SS0290_PP008_SM5_BF1_Base,Running,N/A,0,,N/A,N/A,N/A,Jun 01 20:04,N/A,N/A,N/A,N/A,N/A,N/A,N/A,N/A,N/A,,N/A
SS0292_PP171_SM4_BF1_Base,Running,N/A,0,,N/A,N/A,N/A,Jun 01 20:16,N/A,N/A,N/A,N/A,N/A,N/A,N/A,N/A,N/A,,N/A
SS0292_PP180_SM5_BF1_Base,Running,N/A,0,,N/A,N/A,N/A,Jun 01 22:48,N/A,N/A,N/A,N/A,N/A,N/A,N/A,N/A,N/A,,N/A
SS0297_PP082_SM2_BF1_Base,Running,N/A,0,,N/A,N/A,N/A,Jun 01 22:21,N/A,N/A,N/A,N/A,N/A,N/A,N/A,N/A,N/A,,N/A
SS0298_PP206_SM2_BF1_Base,Running,N/A,0,,N/A,N/A,N/A,Jun 01 19:12,N/A,N/A,N/A,N/A,N/A,N/A,N/A,N/A,N/A,,N/A
SS0298_PP235_SM4_BF1_Base,Running,N/A,0,,N/A,N/A,N/A,Jun 01 19:12,N/A,N/A,N/A,N/A,N/A,N/A,N/A,N/A,N/A,,N/A
SS0298_PP253_SM4_BF1_Base,Running,N/A,0,,N/A,N/A,N/A,Jun 01 19:52,N/A,N/A,N/A,N/A,N/A,N/A,N/A,N/A,N/A,,N/A
SS0298_PP262_SM4_BF1_Base,Running,N/A,0,,N/A,N/A,N/A,Jun 01 19:08,N/A,N/A,N/A,N/A,N/A,N/A,N/A,N/A,N/A,,N/A
SS0298_PP367_SM5_BF1_Base,Running,N/A,0,,N/A,N/A,N/A,Jun 01 19:12,N/A,N/A,N/A,N/A,N/A,N/A,N/A,N/A,N/A,,N/A
SS0298_PP421_SM5_BF1_Base,Running,N/A,0,,N/A,N/A,N/A,Jun 01 18:56,N/A,N/A,N/A,N/A,N/A,N/A,N/A,N/A,N/A,,N/A
SS0305_PP465_SM5_BF1_Base,Running,N/A,0,,N/A,N/A,N/A,Jun 01 20:05,N/A,N/A,N/A,N/A,N/A,N/A,N/A,N/A,N/A,,N/A
SS0313_PP298_SM4_BF1_Base,Running,N/A,0,,N/A,N/A,N/A,Jun 01 22:28,N/A,N/A,N/A,N/A,N/A,N/A,N/A,N/A,N/A,,N/A
SS0313_PP299_SM4_BF1_Base,Running,N/A,0,,N/A,N/A,N/A,Jun 01 23:15,N/A,N/A,N/A,N/A,N/A,N/A,N/A,N/A,N/A,,N/A
SS0313_PP338_SM4_BF1_Base,Running,N/A,0,,N/A,N/A,N/A,Jun 01 22:44,N/A,N/A,N/A,N/A,N/A,N/A,N/A,N/A,N/A,,N/A
SS0316_PP114_SM4_BF1_Base,Running,N/A,0,,N/A,N/A,N/A,Jun 01 22:09,N/A,N/A,N/A,N/A,N/A,N/A,N/A,N/A,N/A,,N/A
SS0319_PP256_SM4_BF1_Base,Running,N/A,0,,N/A,N/A,N/A,Jun 01 22:29,N/A,N/A,N/A,N/A,N/A,N/A,N/A,N/A,N/A,,N/A
SS0319_PP303_SM4_BF1_Base,Running,N/A,0,,N/A,N/A,N/A,Jun 01 20:12,N/A,N/A,N/A,N/A,N/A,N/A,N/A,N/A,N/A,,N/A
SS0319_PP397_SM4_BF1_Base,Running,N/A,0,,N/A,N/A,N/A,Jun 01 19:57,N/A,N/A,N/A,N/A,N/A,N/A,N/A,N/A,N/A,,N/A
SS0320_PP193_SM4_BF1_Base,Running,N/A,0,,N/A,N/A,N/A,Jun 01 19:53,N/A,N/A,N/A,N/A,N/A,N/A,N/A,N/A,N/A,,N/A
SS0320_PP198_SM5_BF1_Base,Running,N/A,0,,N/A,N/A,N/A,Jun 01 18:57,N/A,N/A,N/A,N/A,N/A,N/A,N/A,N/A,N/A,,N/A
SS0320_PP222_SM5_BF1_Base,Running,N/A,0,,N/A,N/A,N/A,Jun 01 22:23,N/A,N/A,N/A,N/A,N/A,N/A,N/A,N/A,N/A,,N/A
SS0320_PP324_SM5_BF1_Base,Running,N/A,0,,N/A,N/A,N/A,Jun 01 19:04,N/A,N/A,N/A,N/A,N/A,N/A,N/A,N/A,N/A,,N/A
SS0320_PP478_SM5_BF1_Base,Running,N/A,0,,N/A,N/A,N/A,Jun 01 22:41,N/A,N/A,N/A,N/A,N/A,N/A,N/A,N/A,N/A,,N/A
SS0332_PP436_SM5_BF1_Base,Running,N/A,0,,N/A,N/A,N/A,Jun 01 22:29,N/A,N/A,N/A,N/A,N/A,N/A,N/A,N/A,N/A,,N/A
SS0334_PP284_SM4_BF1_Base,Running,N/A,0,,N/A,N/A,N/A,Jun 01 20:16,N/A,N/A,N/A,N/A,N/A,N/A,N/A,N/A,N/A,,N/A
SS0341_PP043_SM4_BF1_Base,Running,N/A,0,,N/A,N/A,N/A,Jun 01 23:08,N/A,N/A,N/A,N/A,N/A,N/A,N/A,N/A,N/A,,N/A
SS0341_PP091_SM2_BF1_Base,Running,N/A,0,,N/A,N/A,N/A,Jun 01 22:56,N/A,N/A,N/A,N/A,N/A,N/A,N/A,N/A,N/A,,N/A
SS0341_PP211_SM5_BF1_Base,Running,N/A,0,,N/A,N/A,N/A,Jun 01 22:45,N/A,N/A,N/A,N/A,N/A,N/A,N/A,N/A,N/A,,N/A
SS0341_PP272_SM5_BF1_Base,Running,N/A,0,,N/A,N/A,N/A,Jun 01 22:52,N/A,N/A,N/A,N/A,N/A,N/A,N/A,N/A,N/A,,N/A
SS0341_PP303_SM5_BF1_Base,Running,N/A,0,,N/A,N/A,N/A,Jun 01 19:57,N/A,N/A,N/A,N/A,N/A,N/A,N/A,N/A,N/A,,N/A
SS0341_PP320_SM5_BF1_Base,Running,N/A,0,,N/A,N/A,N/A,Jun 01 22:52,N/A,N/A,N/A,N/A,N/A,N/A,N/A,N/A,N/A,,N/A
SS0341_PP356_SM4_BF1_Base,Running,N/A,0,,N/A,N/A,N/A,Jun 01 22:49,N/A,N/A,N/A,N/A,N/A,N/A,N/A,N/A,N/A,,N/A
SS0341_PP458_SM5_BF1_Base,Running,N/A,0,,N/A,N/A,N/A,Jun 01 20:16,N/A,N/A,N/A,N/A,N/A,N/A,N/A,N/A,N/A,,N/A
SS0341_PP473_SM1_BF1_Base,Incomplete Model run,N/A,0,,N/A,N/A,N/A,N/A,N/A,N/A,N/A,N/A,N/A,N/A,N/A,N/A,N/A,,N/A
SS0342_PP369_SM5_BF1_Base,Running,N/A,0,,N/A,N/A,N/A,Jun 01 20:02,N/A,N/A,N/A,N/A,N/A,N/A,N/A,N/A,N/A,,N/A
SS0342_PP443_SM2_BF1_Base,Running,N/A,0,,N/A,N/A,N/A,Jun 01 22:45,N/A,N/A,N/A,N/A,N/A,N/A,N/A,N/A,N/A,,N/A
SS0343_PP105_SM2_BF1_Base,Running,N/A,0,,N/A,N/A,N/A,Jun 01 23:04,N/A,N/A,N/A,N/A,N/A,N/A,N/A,N/A,N/A,,N/A
SS0349_PP014_SM5_BF1_Base,Running,N/A,0,,N/A,N/A,N/A,Jun 01 19:09,N/A,N/A,N/A,N/A,N/A,N/A,N/A,N/A,N/A,,N/A
SS0349_PP019_SM5_BF1_Base,Running,N/A,0,,N/A,N/A,N/A,Jun 01 22:09,N/A,N/A,N/A,N/A,N/A,N/A,N/A,N/A,N/A,,N/A
SS0349_PP117_SM5_BF1_Base,Running,N/A,0,,N/A,N/A,N/A,Jun 01 22:21,N/A,N/A,N/A,N/A,N/A,N/A,N/A,N/A,N/A,,N/A
SS0349_PP155_SM5_BF1_Base,Running,N/A,0,,N/A,N/A,N/A,Jun 01 19:57,N/A,N/A,N/A,N/A,N/A,N/A,N/A,N/A,N/A,,N/A
SS0349_PP165_SM4_BF1_Base,Running,N/A,0,,N/A,N/A,N/A,Jun 01 22:21,N/A,N/A,N/A,N/A,N/A,N/A,N/A,N/A,N/A,,N/A
SS0349_PP179_SM4_BF1_Base,Running,N/A,0,,N/A,N/A,N/A,Jun 01 22:48,N/A,N/A,N/A,N/A,N/A,N/A,N/A,N/A,N/A,,N/A
SS0349_PP217_SM5_BF1_Base,Running,N/A,0,,N/A,N/A,N/A,Jun 01 22:48,N/A,N/A,N/A,N/A,N/A,N/A,N/A,N/A,N/A,,N/A
SS0349_PP262_SM4_BF1_Base,Running,N/A,0,,N/A,N/A,N/A,Jun 01 20:01,N/A,N/A,N/A,N/A,N/A,N/A,N/A,N/A,N/A,,N/A
SS0349_PP280_SM4_BF1_Base,Running,N/A,0,,N/A,N/A,N/A,Jun 01 22:29,N/A,N/A,N/A,N/A,N/A,N/A,N/A,N/A,N/A,,N/A
SS0349_PP301_SM5_BF1_Base,Running,N/A,0,,N/A,N/A,N/A,Jun 01 23:04,N/A,N/A,N/A,N/A,N/A,N/A,N/A,N/A,N/A,,N/A
SS0349_PP322_SM5_BF1_Base,Running,N/A,0,,N/A,N/A,N/A,Jun 01 19:08,N/A,N/A,N/A,N/A,N/A,N/A,N/A,N/A,N/A,,N/A
SS0349_PP326_SM5_BF1_Base,Running,N/A,0,,N/A,N/A,N/A,Jun 01 22:09,N/A,N/A,N/A,N/A,N/A,N/A,N/A,N/A,N/A,,N/A
SS0349_PP377_SM2_BF1_Base,Running,N/A,0,,N/A,N/A,N/A,Jun 01 19:24,N/A,N/A,N/A,N/A,N/A,N/A,N/A,N/A,N/A,,N/A
SS0349_PP390_SM5_BF1_Base,Running,N/A,0,,N/A,N/A,N/A,Jun 01 22:09,N/A,N/A,N/A,N/A,N/A,N/A,N/A,N/A,N/A,,N/A
SS0349_PP392_SM5_BF1_Base,Running,N/A,0,,N/A,N/A,N/A,Jun 01 22:52,N/A,N/A,N/A,N/A,N/A,N/A,N/A,N/A,N/A,,N/A
SS0349_PP427_SM4_BF1_Base,Running,N/A,0,,N/A,N/A,N/A,Jun 01 18:56,N/A,N/A,N/A,N/A,N/A,N/A,N/A,N/A,N/A,,N/A
SS0349_PP445_SM5_BF1_Base,Running,N/A,0,,N/A,N/A,N/A,Jun 01 23:05,N/A,N/A,N/A,N/A,N/A,N/A,N/A,N/A,N/A,,N/A
SS0349_PP468_SM4_BF1_Base,Running,N/A,0,,N/A,N/A,N/A,Jun 01 23:04,N/A,N/A,N/A,N/A,N/A,N/A,N/A,N/A,N/A,,N/A
SS0354_PP024_SM4_BF1_Base,Running,N/A,0,,N/A,N/A,N/A,Jun 01 18:56,N/A,N/A,N/A,N/A,N/A,N/A,N/A,N/A,N/A,,N/A
SS0358_PP024_SM4_BF1_Base,Running,N/A,0,,N/A,N/A,N/A,Jun 01 20:04,N/A,N/A,N/A,N/A,N/A,N/A,N/A,N/A,N/A,,N/A
SS0358_PP114_SM5_BF1_Base,Running,N/A,0,,N/A,N/A,N/A,Jun 01 20:01,N/A,N/A,N/A,N/A,N/A,N/A,N/A,N/A,N/A,,N/A
SS0358_PP265_SM5_BF1_Base,Running,N/A,0,,N/A,N/A,N/A,Jun 01 22:48,N/A,N/A,N/A,N/A,N/A,N/A,N/A,N/A,N/A,,N/A
SS0358_PP301_SM5_BF1_Base,Running,N/A,0,,N/A,N/A,N/A,Jun 01 19:25,N/A,N/A,N/A,N/A,N/A,N/A,N/A,N/A,N/A,,N/A
SS0364_PP318_SM4_BF1_Base,Running,N/A,0,,N/A,N/A,N/A,Jun 01 19:12,N/A,N/A,N/A,N/A,N/A,N/A,N/A,N/A,N/A,,N/A
SS0366_PP339_SM4_BF1_Base,Running,N/A,0,,N/A,N/A,N/A,Jun 01 22:22,N/A,N/A,N/A,N/A,N/A,N/A,N/A,N/A,N/A,,N/A
SS0372_PP322_SM4_BF1_Base,Running,N/A,0,,N/A,N/A,N/A,Jun 01 19:12,N/A,N/A,N/A,N/A,N/A,N/A,N/A,N/A,N/A,,N/A
SS0373_PP461_SM2_BF1_Base,Running,N/A,0,,N/A,N/A,N/A,Jun 01 22:52,N/A,N/A,N/A,N/A,N/A,N/A,N/A,N/A,N/A,,N/A
SS0374_PP048_SM2_BF1_Base,Running,N/A,0,,N/A,N/A,N/A,Jun 01 22:56,N/A,N/A,N/A,N/A,N/A,N/A,N/A,N/A,N/A,,N/A
SS0374_PP383_SM4_BF1_Base,Running,N/A,0,,N/A,N/A,N/A,Jun 01 22:09,N/A,N/A,N/A,N/A,N/A,N/A,N/A,N/A,N/A,,N/A
SS0374_PP464_SM2_BF1_Base,Running,N/A,0,,N/A,N/A,N/A,Jun 01 20:01,N/A,N/A,N/A,N/A,N/A,N/A,N/A,N/A,N/A,,N/A
SS0378_PP341_SM5_BF1_Base,Running,N/A,0,,N/A,N/A,N/A,Jun 01 19:09,N/A,N/A,N/A,N/A,N/A,N/A,N/A,N/A,N/A,,N/A
SS0382_PP390_SM4_BF1_Base,Running,N/A,0,,N/A,N/A,N/A,Jun 01 20:13,N/A,N/A,N/A,N/A,N/A,N/A,N/A,N/A,N/A,,N/A
SS0383_PP206_SM4_BF1_Base,Running,N/A,0,,N/A,N/A,N/A,Jun 01 22:41,N/A,N/A,N/A,N/A,N/A,N/A,N/A,N/A,N/A,,N/A
SS0388_PP005_SM2_BF1_Base,Running,N/A,0,,N/A,N/A,N/A,Jun 01 22:48,N/A,N/A,N/A,N/A,N/A,N/A,N/A,N/A,N/A,,N/A
SS0388_PP108_SM5_BF1_Base,Running,N/A,0,,N/A,N/A,N/A,Jun 01 19:53,N/A,N/A,N/A,N/A,N/A,N/A,N/A,N/A,N/A,,N/A
SS0388_PP145_SM2_BF1_Base,Running,N/A,0,,N/A,N/A,N/A,Jun 01 20:12,N/A,N/A,N/A,N/A,N/A,N/A,N/A,N/A,N/A,,N/A
SS0388_PP170_SM4_BF1_Base,Running,N/A,0,,N/A,N/A,N/A,Jun 01 22:10,N/A,N/A,N/A,N/A,N/A,N/A,N/A,N/A,N/A,,N/A
SS0388_PP173_SM2_BF1_Base,Running,N/A,0,,N/A,N/A,N/A,Jun 01 22:53,N/A,N/A,N/A,N/A,N/A,N/A,N/A,N/A,N/A,,N/A
SS0388_PP305_SM5_BF1_Base,Running,N/A,0,,N/A,N/A,N/A,Jun 01 23:03,N/A,N/A,N/A,N/A,N/A,N/A,N/A,N/A,N/A,,N/A
SS0388_PP306_SM2_BF1_Base,Running,N/A,0,,N/A,N/A,N/A,Jun 01 19:53,N/A,N/A,N/A,N/A,N/A,N/A,N/A,N/A,N/A,,N/A
SS0388_PP324_SM4_BF1_Base,Running,N/A,0,,N/A,N/A,N/A,Jun 01 22:29,N/A,N/A,N/A,N/A,N/A,N/A,N/A,N/A,N/A,,N/A
SS0388_PP399_SM2_BF1_Base,Running,N/A,0,,N/A,N/A,N/A,Jun 01 22:58,N/A,N/A,N/A,N/A,N/A,N/A,N/A,N/A,N/A,,N/A
SS0388_PP406_SM4_BF1_Base,Running,N/A,0,,N/A,N/A,N/A,Jun 01 19:56,N/A,N/A,N/A,N/A,N/A,N/A,N/A,N/A,N/A,,N/A
SS0388_PP434_SM5_BF1_Base,Running,N/A,0,,N/A,N/A,N/A,Jun 01 19:25,N/A,N/A,N/A,N/A,N/A,N/A,N/A,N/A,N/A,,N/A
SS0388_PP440_SM5_BF1_Base,Running,N/A,0,,N/A,N/A,N/A,Jun 01 19:12,N/A,N/A,N/A,N/A,N/A,N/A,N/A,N/A,N/A,,N/A
SS0389_PP019_SM5_BF1_Base,Running,N/A,0,,N/A,N/A,N/A,Jun 01 22:41,N/A,N/A,N/A,N/A,N/A,N/A,N/A,N/A,N/A,,N/A
SS0389_PP100_SM4_BF1_Base,Running,N/A,0,,N/A,N/A,N/A,Jun 01 22:09,N/A,N/A,N/A,N/A,N/A,N/A,N/A,N/A,N/A,,N/A
SS0389_PP161_SM2_BF1_Base,Running,N/A,0,,N/A,N/A,N/A,Jun 01 22:41,N/A,N/A,N/A,N/A,N/A,N/A,N/A,N/A,N/A,,N/A
SS0389_PP173_SM2_BF1_Base,Running,N/A,0,,N/A,N/A,N/A,Jun 01 19:57,N/A,N/A,N/A,N/A,N/A,N/A,N/A,N/A,N/A,,N/A
SS0389_PP198_SM2_BF1_Base,Running,N/A,0,,N/A,N/A,N/A,Jun 01 22:41,N/A,N/A,N/A,N/A,N/A,N/A,N/A,N/A,N/A,,N/A
SS0389_PP221_SM5_BF1_Base,Running,N/A,0,,N/A,N/A,N/A,Jun 01 22:21,N/A,N/A,N/A,N/A,N/A,N/A,N/A,N/A,N/A,,N/A
SS0389_PP258_SM2_BF1_Base,Running,N/A,0,,N/A,N/A,N/A,Jun 01 23:04,N/A,N/A,N/A,N/A,N/A,N/A,N/A,N/A,N/A,,N/A
SS0389_PP304_SM4_BF1_Base,Running,N/A,0,,N/A,N/A,N/A,Jun 01 22:28,N/A,N/A,N/A,N/A,N/A,N/A,N/A,N/A,N/A,,N/A
SS0389_PP354_SM4_BF1_Base,Running,N/A,0,,N/A,N/A,N/A,Jun 01 19:57,N/A,N/A,N/A,N/A,N/A,N/A,N/A,N/A,N/A,,N/A
SS0389_PP390_SM4_BF1_Base,Running,N/A,0,,N/A,N/A,N/A,Jun 01 23:04,N/A,N/A,N/A,N/A,N/A,N/A,N/A,N/A,N/A,,N/A
SS0389_PP397_SM4_BF1_Base,Running,N/A,0,,N/A,N/A,N/A,Jun 01 20:00,N/A,N/A,N/A,N/A,N/A,N/A,N/A,N/A,N/A,,N/A
SS0389_PP464_SM4_BF1_Base,Running,N/A,0,,N/A,N/A,N/A,Jun 01 22:41,N/A,N/A,N/A,N/A,N/A,N/A,N/A,N/A,N/A,,N/A
SS0390_PP215_SM2_BF1_Base,Running,N/A,0,,N/A,N/A,N/A,Jun 01 19:05,N/A,N/A,N/A,N/A,N/A,N/A,N/A,N/A,N/A,,N/A
SS0391_PP156_SM2_BF1_Base,Running,N/A,0,,N/A,N/A,N/A,Jun 01 22:45,N/A,N/A,N/A,N/A,N/A,N/A,N/A,N/A,N/A,,N/A
SS0391_PP313_SM4_BF1_Base,Running,N/A,0,,N/A,N/A,N/A,Jun 01 20:16,N/A,N/A,N/A,N/A,N/A,N/A,N/A,N/A,N/A,,N/A
SS0391_PP347_SM4_BF1_Base,Running,N/A,0,,N/A,N/A,N/A,Jun 01 22:09,N/A,N/A,N/A,N/A,N/A,N/A,N/A,N/A,N/A,,N/A
SS0391_PP378_SM4_BF1_Base,Running,N/A,0,,N/A,N/A,N/A,Jun 01 20:01,N/A,N/A,N/A,N/A,N/A,N/A,N/A,N/A,N/A,,N/A
SS0391_PP497_SM2_BF1_Base,Running,N/A,0,,N/A,N/A,N/A,Jun 01 22:52,N/A,N/A,N/A,N/A,N/A,N/A,N/A,N/A,N/A,,N/A
SS0402_PP053_SM2_BF1_Base,Running,N/A,0,,N/A,N/A,N/A,Jun 01 19:08,N/A,N/A,N/A,N/A,N/A,N/A,N/A,N/A,N/A,,N/A
SS0402_PP356_SM5_BF1_Base,Running,N/A,0,,N/A,N/A,N/A,Jun 01 20:12,N/A,N/A,N/A,N/A,N/A,N/A,N/A,N/A,N/A,,N/A
SS0405_PP038_SM5_BF1_Base,Running,N/A,0,,N/A,N/A,N/A,Jun 01 19:25,N/A,N/A,N/A,N/A,N/A,N/A,N/A,N/A,N/A,,N/A
SS0405_PP177_SM5_BF1_Base,Running,N/A,0,,N/A,N/A,N/A,Jun 01 19:53,N/A,N/A,N/A,N/A,N/A,N/A,N/A,N/A,N/A,,N/A
SS0405_PP184_SM5_BF1_Base,Running,N/A,0,,N/A,N/A,N/A,Jun 01 19:53,N/A,N/A,N/A,N/A,N/A,N/A,N/A,N/A,N/A,,N/A
SS0405_PP348_SM4_BF1_Base,Running,N/A,0,,N/A,N/A,N/A,Jun 01 18:57,N/A,N/A,N/A,N/A,N/A,N/A,N/A,N/A,N/A,,N/A
SS0405_PP460_SM4_BF1_Base,Running,N/A,0,,N/A,N/A,N/A,Jun 01 22:45,N/A,N/A,N/A,N/A,N/A,N/A,N/A,N/A,N/A,,N/A
SS0406_PP250_SM5_BF1_Base,Running,N/A,0,,N/A,N/A,N/A,Jun 01 18:57,N/A,N/A,N/A,N/A,N/A,N/A,N/A,N/A,N/A,,N/A
SS0407_PP127_SM2_BF1_Base,Running,N/A,0,,N/A,N/A,N/A,Jun 01 22:45,N/A,N/A,N/A,N/A,N/A,N/A,N/A,N/A,N/A,,N/A
SS0412_PP272_SM2_BF1_Base,Running,N/A,0,,N/A,N/A,N/A,Jun 01 22:29,N/A,N/A,N/A,N/A,N/A,N/A,N/A,N/A,N/A,,N/A
SS0413_PP006_SM2_BF1_Base,Running,N/A,0,,N/A,N/A,N/A,Jun 01 19:08,N/A,N/A,N/A,N/A,N/A,N/A,N/A,N/A,N/A,,N/A
SS0413_PP030_SM2_BF1_Base,Running,N/A,0,,N/A,N/A,N/A,Jun 01 19:53,N/A,N/A,N/A,N/A,N/A,N/A,N/A,N/A,N/A,,N/A
SS0413_PP125_SM4_BF1_Base,Running,N/A,0,,N/A,N/A,N/A,Jun 01 23:03,N/A,N/A,N/A,N/A,N/A,N/A,N/A,N/A,N/A,,N/A
SS0413_PP154_SM4_BF1_Base,Running,N/A,0,,N/A,N/A,N/A,Jun 01 22:44,N/A,N/A,N/A,N/A,N/A,N/A,N/A,N/A,N/A,,N/A
SS0413_PP163_SM2_BF1_Base,Running,N/A,0,,N/A,N/A,N/A,Jun 01 22:56,N/A,N/A,N/A,N/A,N/A,N/A,N/A,N/A,N/A,,N/A
SS0413_PP219_SM5_BF1_Base,Running,N/A,0,,N/A,N/A,N/A,Jun 01 23:16,N/A,N/A,N/A,N/A,N/A,N/A,N/A,N/A,N/A,,N/A
SS0413_PP239_SM2_BF1_Base,Running,N/A,0,,N/A,N/A,N/A,Jun 01 18:56,N/A,N/A,N/A,N/A,N/A,N/A,N/A,N/A,N/A,,N/A
SS0413_PP255_SM4_BF1_Base,Running,N/A,0,,N/A,N/A,N/A,Jun 01 22:44,N/A,N/A,N/A,N/A,N/A,N/A,N/A,N/A,N/A,,N/A
SS0413_PP262_SM4_BF1_Base,Running,N/A,0,,N/A,N/A,N/A,Jun 01 22:41,N/A,N/A,N/A,N/A,N/A,N/A,N/A,N/A,N/A,,N/A
SS0413_PP303_SM2_BF1_Base,Running,N/A,0,,N/A,N/A,N/A,Jun 01 19:53,N/A,N/A,N/A,N/A,N/A,N/A,N/A,N/A,N/A,,N/A
SS0413_PP345_SM2_BF1_Base,Running,N/A,0,,N/A,N/A,N/A,Jun 01 19:57,N/A,N/A,N/A,N/A,N/A,N/A,N/A,N/A,N/A,,N/A
SS0413_PP347_SM4_BF1_Base,Running,N/A,0,,N/A,N/A,N/A,Jun 01 22:48,N/A,N/A,N/A,N/A,N/A,N/A,N/A,N/A,N/A,,N/A
SS0413_PP361_SM2_BF1_Base,Running,N/A,0,,N/A,N/A,N/A,Jun 01 22:52,N/A,N/A,N/A,N/A,N/A,N/A,N/A,N/A,N/A,,N/A
SS0413_PP397_SM4_BF1_Base,Running,N/A,0,,N/A,N/A,N/A,Jun 01 19:04,N/A,N/A,N/A,N/A,N/A,N/A,N/A,N/A,N/A,,N/A
SS0413_PP425_SM2_BF1_Base,Running,N/A,0,,N/A,N/A,N/A,Jun 01 22:44,N/A,N/A,N/A,N/A,N/A,N/A,N/A,N/A,N/A,,N/A
SS0413_PP448_SM2_BF1_Base,Running,N/A,0,,N/A,N/A,N/A,Jun 01 19:57,N/A,N/A,N/A,N/A,N/A,N/A,N/A,N/A,N/A,,N/A
SS0413_PP484_SM2_BF1_Base,Running,N/A,0,,N/A,N/A,N/A,Jun 01 22:21,N/A,N/A,N/A,N/A,N/A,N/A,N/A,N/A,N/A,,N/A
SS0414_PP049_SM2_BF1_Base,Running,N/A,0,,N/A,N/A,N/A,Jun 01 23:04,N/A,N/A,N/A,N/A,N/A,N/A,N/A,N/A,N/A,,N/A
SS0414_PP264_SM4_BF1_Base,Running,N/A,0,,N/A,N/A,N/A,Jun 01 19:57,N/A,N/A,N/A,N/A,N/A,N/A,N/A,N/A,N/A,,N/A
SS0415_PP228_SM4_BF1_Base,Running,N/A,0,,N/A,N/A,N/A,Jun 01 20:01,N/A,N/A,N/A,N/A,N/A,N/A,N/A,N/A,N/A,,N/A
SS0422_PP082_SM2_BF1_Base,Running,N/A,0,,N/A,N/A,N/A,Jun 01 20:12,N/A,N/A,N/A,N/A,N/A,N/A,N/A,N/A,N/A,,N/A
SS0422_PP215_SM5_BF1_Base,Running,N/A,0,,N/A,N/A,N/A,Jun 01 19:53,N/A,N/A,N/A,N/A,N/A,N/A,N/A,N/A,N/A,,N/A
SS0423_PP024_SM2_BF1_Base,Running,N/A,0,,N/A,N/A,N/A,Jun 01 20:01,N/A,N/A,N/A,N/A,N/A,N/A,N/A,N/A,N/A,,N/A
SS0423_PP105_SM4_BF1_Base,Running,N/A,0,,N/A,N/A,N/A,Jun 01 22:56,N/A,N/A,N/A,N/A,N/A,N/A,N/A,N/A,N/A,,N/A
SS0423_PP285_SM5_BF1_Base,Running,N/A,0,,N/A,N/A,N/A,Jun 01 20:16,N/A,N/A,N/A,N/A,N/A,N/A,N/A,N/A,N/A,,N/A
SS0423_PP422_SM2_BF1_Base,Running,N/A,0,,N/A,N/A,N/A,Jun 01 18:56,N/A,N/A,N/A,N/A,N/A,N/A,N/A,N/A,N/A,,N/A
SS0425_PP173_SM2_BF1_Base,Running,N/A,0,,N/A,N/A,N/A,Jun 01 22:29,N/A,N/A,N/A,N/A,N/A,N/A,N/A,N/A,N/A,,N/A
SS0429_PP015_SM2_BF1_Base,Running,N/A,0,,N/A,N/A,N/A,Jun 01 18:56,N/A,N/A,N/A,N/A,N/A,N/A,N/A,N/A,N/A,,N/A
SS0429_PP042_SM4_BF1_Base,Running,N/A,0,,N/A,N/A,N/A,Jun 01 22:24,N/A,N/A,N/A,N/A,N/A,N/A,N/A,N/A,N/A,,N/A
SS0429_PP043_SM5_BF1_Base,Running,N/A,0,,N/A,N/A,N/A,Jun 01 22:21,N/A,N/A,N/A,N/A,N/A,N/A,N/A,N/A,N/A,,N/A
SS0429_PP109_SM4_BF1_Base,Running,N/A,0,,N/A,N/A,N/A,Jun 01 22:09,N/A,N/A,N/A,N/A,N/A,N/A,N/A,N/A,N/A,,N/A
SS0429_PP159_SM5_BF1_Base,Running,N/A,0,,N/A,N/A,N/A,Jun 01 19:05,N/A,N/A,N/A,N/A,N/A,N/A,N/A,N/A,N/A,,N/A
SS0429_PP301_SM2_BF1_Base,Running,N/A,0,,N/A,N/A,N/A,Jun 01 19:05,N/A,N/A,N/A,N/A,N/A,N/A,N/A,N/A,N/A,,N/A
SS0429_PP315_SM4_BF1_Base,Running,N/A,0,,N/A,N/A,N/A,Jun 01 20:04,N/A,N/A,N/A,N/A,N/A,N/A,N/A,N/A,N/A,,N/A
SS0429_PP404_SM2_BF1_Base,Running,N/A,0,,N/A,N/A,N/A,Jun 01 22:21,N/A,N/A,N/A,N/A,N/A,N/A,N/A,N/A,N/A,,N/A
SS0429_PP410_SM4_BF1_Base,Running,N/A,0,,N/A,N/A,N/A,Jun 01 19:05,N/A,N/A,N/A,N/A,N/A,N/A,N/A,N/A,N/A,,N/A
SS0429_PP478_SM5_BF1_Base,Running,N/A,0,,N/A,N/A,N/A,Jun 01 20:12,N/A,N/A,N/A,N/A,N/A,N/A,N/A,N/A,N/A,,N/A
SS0434_PP436_SM4_BF1_Base,Running,N/A,0,,N/A,N/A,N/A,Jun 01 19:05,N/A,N/A,N/A,N/A,N/A,N/A,N/A,N/A,N/A,,N/A
SS0437_PP020_SM4_BF1_Base,Running,N/A,0,,N/A,N/A,N/A,Jun 01 22:52,N/A,N/A,N/A,N/A,N/A,N/A,N/A,N/A,N/A,,N/A
SS0437_PP056_SM2_BF1_Base,Running,N/A,0,,N/A,N/A,N/A,Jun 01 19:56,N/A,N/A,N/A,N/A,N/A,N/A,N/A,N/A,N/A,,N/A
SS0437_PP459_SM2_BF1_Base,Running,N/A,0,,N/A,N/A,N/A,Jun 01 22:44,N/A,N/A,N/A,N/A,N/A,N/A,N/A,N/A,N/A,,N/A
SS0438_PP176_SM2_BF1_Base,Running,N/A,0,,N/A,N/A,N/A,Jun 01 22:44,N/A,N/A,N/A,N/A,N/A,N/A,N/A,N/A,N/A,,N/A
SS0443_PP050_SM2_BF1_Base,Running,N/A,0,,N/A,N/A,N/A,Jun 01 22:09,N/A,N/A,N/A,N/A,N/A,N/A,N/A,N/A,N/A,,N/A
SS0445_PP022_SM5_BF1_Base,Running,N/A,0,,N/A,N/A,N/A,Jun 01 22:41,N/A,N/A,N/A,N/A,N/A,N/A,N/A,N/A,N/A,,N/A
SS0446_PP015_SM4_BF1_Base,Running,N/A,0,,N/A,N/A,N/A,Jun 01 22:29,N/A,N/A,N/A,N/A,N/A,N/A,N/A,N/A,N/A,,N/A
SS0446_PP115_SM4_BF1_Base,Running,N/A,0,,N/A,N/A,N/A,Jun 01 22:29,N/A,N/A,N/A,N/A,N/A,N/A,N/A,N/A,N/A,,N/A
SS0446_PP137_SM4_BF1_Base,Running,N/A,0,,N/A,N/A,N/A,Jun 01 22:46,N/A,N/A,N/A,N/A,N/A,N/A,N/A,N/A,N/A,,N/A
SS0446_PP174_SM4_BF1_Base,Running,N/A,0,,N/A,N/A,N/A,Jun 01 22:56,N/A,N/A,N/A,N/A,N/A,N/A,N/A,N/A,N/A,,N/A
SS0446_PP228_SM4_BF1_Base,Running,N/A,0,,N/A,N/A,N/A,Jun 01 19:25,N/A,N/A,N/A,N/A,N/A,N/A,N/A,N/A,N/A,,N/A
SS0446_PP301_SM4_BF1_Base,Running,N/A,0,,N/A,N/A,N/A,Jun 01 22:52,N/A,N/A,N/A,N/A,N/A,N/A,N/A,N/A,N/A,,N/A
SS0446_PP448_SM4_BF1_Base,Running,N/A,0,,N/A,N/A,N/A,Jun 01 19:52,N/A,N/A,N/A,N/A,N/A,N/A,N/A,N/A,N/A,,N/A
SS0447_PP042_SM2_BF1_Base,Running,N/A,0,,N/A,N/A,N/A,Jun 01 19:57,N/A,N/A,N/A,N/A,N/A,N/A,N/A,N/A,N/A,,N/A
SS0452_PP065_SM4_BF1_Base,Running,N/A,0,,N/A,N/A,N/A,Jun 01 19:53,N/A,N/A,N/A,N/A,N/A,N/A,N/A,N/A,N/A,,N/A
SS0452_PP116_SM2_BF1_Base,Running,N/A,0,,N/A,N/A,N/A,Jun 01 22:09,N/A,N/A,N/A,N/A,N/A,N/A,N/A,N/A,N/A,,N/A
SS0471_PP145_SM2_BF1_Base,Running,N/A,0,,N/A,N/A,N/A,Jun 01 22:48,N/A,N/A,N/A,N/A,N/A,N/A,N/A,N/A,N/A,,N/A
SS0471_PP344_SM2_BF1_Base,Running,N/A,0,,N/A,N/A,N/A,Jun 01 22:30,N/A,N/A,N/A,N/A,N/A,N/A,N/A,N/A,N/A,,N/A
SS0474_PP048_SM2_BF1_Base,Running,N/A,0,,N/A,N/A,N/A,Jun 01 20:01,N/A,N/A,N/A,N/A,N/A,N/A,N/A,N/A,N/A,,N/A
SS0474_PP230_SM5_BF1_Base,Running,N/A,0,,N/A,N/A,N/A,Jun 01 18:57,N/A,N/A,N/A,N/A,N/A,N/A,N/A,N/A,N/A,,N/A
SS0479_PP019_SM5_BF1_Base,Running,N/A,0,,N/A,N/A,N/A,Jun 01 23:09,N/A,N/A,N/A,N/A,N/A,N/A,N/A,N/A,N/A,,N/A
SS0479_PP438_SM4_BF1_Base,Running,N/A,0,,N/A,N/A,N/A,Jun 01 22:52,N/A,N/A,N/A,N/A,N/A,N/A,N/A,N/A,N/A,,N/A
SS0482_PP062_SM5_BF1_Base,Running,N/A,0,,N/A,N/A,N/A,Jun 01 19:05,N/A,N/A,N/A,N/A,N/A,N/A,N/A,N/A,N/A,,N/A
SS0482_PP458_SM5_BF1_Base,Running,N/A,0,,N/A,N/A,N/A,Jun 01 20:04,N/A,N/A,N/A,N/A,N/A,N/A,N/A,N/A,N/A,,N/A
SS0487_PP008_SM5_BF1_Base,Running,N/A,0,,N/A,N/A,N/A,Jun 01 19:12,N/A,N/A,N/A,N/A,N/A,N/A,N/A,N/A,N/A,,N/A
SS0488_PP147_SM2_BF1_Base,Running,N/A,0,,N/A,N/A,N/A,Jun 01 22:29,N/A,N/A,N/A,N/A,N/A,N/A,N/A,N/A,N/A,,N/A
SS0489_PP161_SM4_BF1_Base,Running,N/A,0,,N/A,N/A,N/A,Jun 01 22:56,N/A,N/A,N/A,N/A,N/A,N/A,N/A,N/A,N/A,,N/A
SS0496_PP345_SM5_BF1_Base,Running,N/A,0,,N/A,N/A,N/A,Jun 01 19:04,N/A,N/A,N/A,N/A,N/A,N/A,N/A,N/A,N/A,,N/A
SS0496_PP354_SM1_BF1_Base,Incomplete Model run,N/A,0,,N/A,N/A,N/A,May 30 01:37,N/A,N/A,N/A,N/A,N/A,N/A,N/A,N/A,N/A,,N/A
SS0499_PP106_SM2_BF1_Base,Running,N/A,0,,N/A,N/A,N/A,Jun 01 20:16,N/A,N/A,N/A,N/A,N/A,N/A,N/A,N/A,N/A,,N/A
SS0500_PP040_SM4_BF1_Base,Running,N/A,0,,N/A,N/A,N/A,Jun 01 19:09,N/A,N/A,N/A,N/A,N/A,N/A,N/A,N/A,N/A,,N/A
SS0500_PP118_SM5_BF1_Base,Running,N/A,0,,N/A,N/A,N/A,Jun 01 22:29,N/A,N/A,N/A,N/A,N/A,N/A,N/A,N/A,N/A,,N/A
SS0502_PP199_SM2_BF1_Base,Running,N/A,0,,N/A,N/A,N/A,Jun 01 19:25,N/A,N/A,N/A,N/A,N/A,N/A,N/A,N/A,N/A,,N/A
SS0502_PP343_SM5_BF1_Base,Running,N/A,0,,N/A,N/A,N/A,Jun 01 20:13,N/A,N/A,N/A,N/A,N/A,N/A,N/A,N/A,N/A,,N/A
SS0502_PP447_SM2_BF1_Base,Running,N/A,0,,N/A,N/A,N/A,Jun 01 22:22,N/A,N/A,N/A,N/A,N/A,N/A,N/A,N/A,N/A,,N/A
SS0503_PP054_SM5_BF1_Base,Running,N/A,0,,N/A,N/A,N/A,Jun 01 22:48,N/A,N/A,N/A,N/A,N/A,N/A,N/A,N/A,N/A,,N/A
SS0503_PP060_SM4_BF1_Base,Running,N/A,0,,N/A,N/A,N/A,Jun 01 20:13,N/A,N/A,N/A,N/A,N/A,N/A,N/A,N/A,N/A,,N/A
SS0503_PP104_SM5_BF1_Base,Running,N/A,0,,N/A,N/A,N/A,Jun 01 22:52,N/A,N/A,N/A,N/A,N/A,N/A,N/A,N/A,N/A,,N/A
SS0503_PP176_SM4_BF1_Base,Running,N/A,0,,N/A,N/A,N/A,Jun 01 22:46,N/A,N/A,N/A,N/A,N/A,N/A,N/A,N/A,N/A,,N/A
SS0503_PP186_SM2_BF1_Base,Running,N/A,0,,N/A,N/A,N/A,Jun 01 19:57,N/A,N/A,N/A,N/A,N/A,N/A,N/A,N/A,N/A,,N/A
SS0503_PP261_SM4_BF1_Base,Running,N/A,0,,N/A,N/A,N/A,Jun 01 20:01,N/A,N/A,N/A,N/A,N/A,N/A,N/A,N/A,N/A,,N/A
SS0503_PP289_SM4_BF1_Base,Running,N/A,0,,N/A,N/A,N/A,Jun 01 19:25,N/A,N/A,N/A,N/A,N/A,N/A,N/A,N/A,N/A,,N/A
SS0503_PP328_SM2_BF1_Base,Running,N/A,0,,N/A,N/A,N/A,Jun 01 22:22,N/A,N/A,N/A,N/A,N/A,N/A,N/A,N/A,N/A,,N/A
SS0503_PP341_SM4_BF1_Base,Running,N/A,0,,N/A,N/A,N/A,Jun 01 20:04,N/A,N/A,N/A,N/A,N/A,N/A,N/A,N/A,N/A,,N/A
SS0506_PP008_SM5_BF1_Base,Running,N/A,0,,N/A,N/A,N/A,Jun 01 19:08,N/A,N/A,N/A,N/A,N/A,N/A,N/A,N/A,N/A,,N/A
SS0508_PP248_SM5_BF1_Base,Running,N/A,0,,N/A,N/A,N/A,Jun 01 22:41,N/A,N/A,N/A,N/A,N/A,N/A,N/A,N/A,N/A,,N/A
SS0508_PP273_SM5_BF1_Base,Running,N/A,0,,N/A,N/A,N/A,Jun 01 23:12,N/A,N/A,N/A,N/A,N/A,N/A,N/A,N/A,N/A,,N/A
SS0508_PP293_SM4_BF1_Base,Running,N/A,0,,N/A,N/A,N/A,Jun 01 19:52,N/A,N/A,N/A,N/A,N/A,N/A,N/A,N/A,N/A,,N/A
SS0508_PP343_SM4_BF1_Base,Running,N/A,0,,N/A,N/A,N/A,Jun 01 18:58,N/A,N/A,N/A,N/A,N/A,N/A,N/A,N/A,N/A,,N/A
SS0509_PP082_SM5_BF1_Base,Running,N/A,0,,N/A,N/A,N/A,Jun 01 22:52,N/A,N/A,N/A,N/A,N/A,N/A,N/A,N/A,N/A,,N/A
SS0516_PP019_SM4_BF1_Base,Running,N/A,0,,N/A,N/A,N/A,Jun 01 22:09,N/A,N/A,N/A,N/A,N/A,N/A,N/A,N/A,N/A,,N/A
SS0516_PP116_SM2_BF1_Base,Running,N/A,0,,N/A,N/A,N/A,Jun 01 22:49,N/A,N/A,N/A,N/A,N/A,N/A,N/A,N/A,N/A,,N/A
SS0516_PP118_SM4_BF1_Base,Running,N/A,0,,N/A,N/A,N/A,Jun 01 22:41,N/A,N/A,N/A,N/A,N/A,N/A,N/A,N/A,N/A,,N/A
SS0516_PP255_SM2_BF1_Base,Running,N/A,0,,N/A,N/A,N/A,Jun 01 19:04,N/A,N/A,N/A,N/A,N/A,N/A,N/A,N/A,N/A,,N/A
SS0516_PP298_SM4_BF1_Base,Running,N/A,0,,N/A,N/A,N/A,Jun 01 22:56,N/A,N/A,N/A,N/A,N/A,N/A,N/A,N/A,N/A,,N/A
SS0516_PP442_SM4_BF1_Base,Running,N/A,0,,N/A,N/A,N/A,Jun 01 19:25,N/A,N/A,N/A,N/A,N/A,N/A,N/A,N/A,N/A,,N/A
SS0516_PP443_SM4_BF1_Base,Running,N/A,0,,N/A,N/A,N/A,Jun 01 20:16,N/A,N/A,N/A,N/A,N/A,N/A,N/A,N/A,N/A,,N/A
SS0521_PP308_SM2_BF1_Base,Running,N/A,0,,N/A,N/A,N/A,Jun 01 19:57,N/A,N/A,N/A,N/A,N/A,N/A,N/A,N/A,N/A,,N/A
SS0524_PP050_SM4_BF1_Base,Running,N/A,0,,N/A,N/A,N/A,Jun 01 22:29,N/A,N/A,N/A,N/A,N/A,N/A,N/A,N/A,N/A,,N/A
SS0529_PP214_SM2_BF1_Base,Running,N/A,0,,N/A,N/A,N/A,Jun 01 20:04,N/A,N/A,N/A,N/A,N/A,N/A,N/A,N/A,N/A,,N/A
SS0529_PP259_SM4_BF1_Base,Running,N/A,0,,N/A,N/A,N/A,Jun 01 22:48,N/A,N/A,N/A,N/A,N/A,N/A,N/A,N/A,N/A,,N/A
SS0530_PP264_SM2_BF1_Base,Running,N/A,0,,N/A,N/A,N/A,Jun 01 22:09,N/A,N/A,N/A,N/A,N/A,N/A,N/A,N/A,N/A,,N/A
SS0530_PP353_SM2_BF1_Base,Running,N/A,0,,N/A,N/A,N/A,Jun 01 22:41,N/A,N/A,N/A,N/A,N/A,N/A,N/A,N/A,N/A,,N/A
SS0535_PP035_SM5_BF1_Base,Running,N/A,0,,N/A,N/A,N/A,Jun 01 20:01,N/A,N/A,N/A,N/A,N/A,N/A,N/A,N/A,N/A,,N/A
SS0535_PP110_SM2_BF1_Base,Running,N/A,0,,N/A,N/A,N/A,Jun 01 22:52,N/A,N/A,N/A,N/A,N/A,N/A,N/A,N/A,N/A,,N/A
SS0535_PP250_SM2_BF1_Base,Running,N/A,0,,N/A,N/A,N/A,Jun 01 22:48,N/A,N/A,N/A,N/A,N/A,N/A,N/A,N/A,N/A,,N/A
SS0535_PP405_SM3_BF1_Base,SUCCESS,12.357222222222221,52,,152621.,0.01907,17.51,May 29 20:39,May 30 09:00,N/A,N/A,N/A,N/A,N/A,N/A,N/A,N/A,,N/A
SS0538_PP178_SM4_BF1_Base,Running,N/A,0,,N/A,N/A,N/A,Jun 01 20:16,N/A,N/A,N/A,N/A,N/A,N/A,N/A,N/A,N/A,,N/A
SS0543_PP386_SM4_BF1_Base,Running,N/A,0,,N/A,N/A,N/A,Jun 01 23:04,N/A,N/A,N/A,N/A,N/A,N/A,N/A,N/A,N/A,,N/A
SS0543_PP436_SM4_BF1_Base,Running,N/A,0,,N/A,N/A,N/A,Jun 01 20:16,N/A,N/A,N/A,N/A,N/A,N/A,N/A,N/A,N/A,,N/A
SS0543_PP484_SM5_BF1_Base,Running,N/A,0,,N/A,N/A,N/A,Jun 01 22:41,N/A,N/A,N/A,N/A,N/A,N/A,N/A,N/A,N/A,,N/A
SS0544_PP025_SM2_BF1_Base,Running,N/A,0,,N/A,N/A,N/A,Jun 01 20:01,N/A,N/A,N/A,N/A,N/A,N/A,N/A,N/A,N/A,,N/A
SS0544_PP080_SM2_BF1_Base,Running,N/A,0,,N/A,N/A,N/A,Jun 01 22:28,N/A,N/A,N/A,N/A,N/A,N/A,N/A,N/A,N/A,,N/A
SS0544_PP219_SM4_BF1_Base,Running,N/A,0,,N/A,N/A,N/A,Jun 01 22:45,N/A,N/A,N/A,N/A,N/A,N/A,N/A,N/A,N/A,,N/A
SS0544_PP402_SM2_BF1_Base,Running,N/A,0,,N/A,N/A,N/A,Jun 01 19:14,N/A,N/A,N/A,N/A,N/A,N/A,N/A,N/A,N/A,,N/A
SS0544_PP468_SM2_BF1_Base,Running,N/A,0,,N/A,N/A,N/A,Jun 01 22:52,N/A,N/A,N/A,N/A,N/A,N/A,N/A,N/A,N/A,,N/A
SS0544_PP496_SM2_BF1_Base,Running,N/A,0,,N/A,N/A,N/A,Jun 01 20:12,N/A,N/A,N/A,N/A,N/A,N/A,N/A,N/A,N/A,,N/A
SS0549_PP076_SM1_BF1_Base,SUCCESS,7.183333333333334,32,,209484.,0.04788,17.62,May 29 20:36,May 30 03:47,N/A,N/A,N/A,N/A,N/A,N/A,N/A,N/A,,N/A
SS0549_PP419_SM5_BF1_Base,SUCCESS,6.943333333333333,28,,207793.,0.04768,17.51,May 29 20:36,May 30 03:32,N/A,N/A,N/A,N/A,N/A,N/A,N/A,N/A,,N/A
SS0550_PP105_SM2_BF1_Base,Running,N/A,0,,N/A,N/A,N/A,Jun 01 23:08,N/A,N/A,N/A,N/A,N/A,N/A,N/A,N/A,N/A,,N/A
SS0558_PP204_SM2_BF1_Base,Running,N/A,0,,N/A,N/A,N/A,Jun 01 22:43,N/A,N/A,N/A,N/A,N/A,N/A,N/A,N/A,N/A,,N/A
SS0559_PP039_SM4_BF1_Base,Running,N/A,0,,N/A,N/A,N/A,Jun 01 19:08,N/A,N/A,N/A,N/A,N/A,N/A,N/A,N/A,N/A,,N/A
SS0559_PP280_SM5_BF1_Base,Running,N/A,0,,N/A,N/A,N/A,Jun 01 20:16,N/A,N/A,N/A,N/A,N/A,N/A,N/A,N/A,N/A,,N/A
SS0560_PP057_SM5_BF1_Base,Running,N/A,0,,N/A,N/A,N/A,Jun 01 22:56,N/A,N/A,N/A,N/A,N/A,N/A,N/A,N/A,N/A,,N/A
SS0566_PP082_SM2_BF1_Base,Running,N/A,0,,N/A,N/A,N/A,Jun 01 20:12,N/A,N/A,N/A,N/A,N/A,N/A,N/A,N/A,N/A,,N/A
SS0568_PP354_SM5_BF1_Base,Running,N/A,0,,N/A,N/A,N/A,Jun 01 19:12,N/A,N/A,N/A,N/A,N/A,N/A,N/A,N/A,N/A,,N/A
SS0569_PP474_SM2_BF1_Base,Running,N/A,0,,N/A,N/A,N/A,Jun 01 20:01,N/A,N/A,N/A,N/A,N/A,N/A,N/A,N/A,N/A,,N/A
SS0573_PP216_SM2_BF1_Base,Running,N/A,0,,N/A,N/A,N/A,Jun 01 22:57,N/A,N/A,N/A,N/A,N/A,N/A,N/A,N/A,N/A,,N/A
SS0576_PP229_SM4_BF1_Base,Running,N/A,0,,N/A,N/A,N/A,Jun 01 22:41,N/A,N/A,N/A,N/A,N/A,N/A,N/A,N/A,N/A,,N/A
SS0576_PP230_SM2_BF1_Base,Running,N/A,0,,N/A,N/A,N/A,Jun 01 19:12,N/A,N/A,N/A,N/A,N/A,N/A,N/A,N/A,N/A,,N/A
SS0576_PP342_SM2_BF1_Base,Running,N/A,0,,N/A,N/A,N/A,Jun 01 19:57,N/A,N/A,N/A,N/A,N/A,N/A,N/A,N/A,N/A,,N/A
SS0581_PP464_SM5_BF1_Base,Running,N/A,0,,N/A,N/A,N/A,Jun 01 19:24,N/A,N/A,N/A,N/A,N/A,N/A,N/A,N/A,N/A,,N/A
SS0583_PP343_SM5_BF1_Base,Running,N/A,0,,N/A,N/A,N/A,Jun 01 19:04,N/A,N/A,N/A,N/A,N/A,N/A,N/A,N/A,N/A,,N/A
SS0591_PP261_SM2_BF1_Base,Running,N/A,0,,N/A,N/A,N/A,Jun 01 19:25,N/A,N/A,N/A,N/A,N/A,N/A,N/A,N/A,N/A,,N/A
SS0592_PP393_SM2_BF1_Base,Running,N/A,0,,N/A,N/A,N/A,Jun 01 22:23,N/A,N/A,N/A,N/A,N/A,N/A,N/A,N/A,N/A,,N/A
SS0593_PP211_SM2_BF1_Base,Running,N/A,0,,N/A,N/A,N/A,Jun 01 20:12,N/A,N/A,N/A,N/A,N/A,N/A,N/A,N/A,N/A,,N/A
SS0599_PP186_SM5_BF1_Base,Running,N/A,0,,N/A,N/A,N/A,Jun 01 19:53,N/A,N/A,N/A,N/A,N/A,N/A,N/A,N/A,N/A,,N/A
SS0599_PP282_SM5_BF1_Base,Running,N/A,0,,N/A,N/A,N/A,Jun 01 20:12,N/A,N/A,N/A,N/A,N/A,N/A,N/A,N/A,N/A,,N/A
SS0599_PP441_SM5_BF1_Base,Running,N/A,0,,N/A,N/A,N/A,Jun 01 20:12,N/A,N/A,N/A,N/A,N/A,N/A,N/A,N/A,N/A,,N/A
SS0600_PP212_SM2_BF1_Base,Running,N/A,0,,N/A,N/A,N/A,Jun 01 19:04,N/A,N/A,N/A,N/A,N/A,N/A,N/A,N/A,N/A,,N/A
SS0606_PP253_SM2_BF1_Base,Running,N/A,0,,N/A,N/A,N/A,Jun 01 20:04,N/A,N/A,N/A,N/A,N/A,N/A,N/A,N/A,N/A,,N/A
SS0608_PP261_SM2_BF1_Base,Running,N/A,0,,N/A,N/A,N/A,Jun 01 22:52,N/A,N/A,N/A,N/A,N/A,N/A,N/A,N/A,N/A,,N/A
SS0608_PP285_SM4_BF1_Base,Running,N/A,0,,N/A,N/A,N/A,Jun 01 19:57,N/A,N/A,N/A,N/A,N/A,N/A,N/A,N/A,N/A,,N/A
SS0608_PP371_SM4_BF1_Base,Running,N/A,0,,N/A,N/A,N/A,Jun 01 19:25,N/A,N/A,N/A,N/A,N/A,N/A,N/A,N/A,N/A,,N/A
SS0608_PP403_SM4_BF1_Base,Running,N/A,0,,N/A,N/A,N/A,Jun 01 22:44,N/A,N/A,N/A,N/A,N/A,N/A,N/A,N/A,N/A,,N/A
SS0608_PP443_SM4_BF1_Base,Running,N/A,0,,N/A,N/A,N/A,Jun 01 19:08,N/A,N/A,N/A,N/A,N/A,N/A,N/A,N/A,N/A,,N/A
SS0615_PP049_SM4_BF1_Base,Running,N/A,0,,N/A,N/A,N/A,Jun 01 22:09,N/A,N/A,N/A,N/A,N/A,N/A,N/A,N/A,N/A,,N/A
SS0615_PP414_SM4_BF1_Base,Running,N/A,0,,N/A,N/A,N/A,Jun 01 20:17,N/A,N/A,N/A,N/A,N/A,N/A,N/A,N/A,N/A,,N/A
SS0622_PP331_SM5_BF1_Base,Running,N/A,0,,N/A,N/A,N/A,Jun 01 22:09,N/A,N/A,N/A,N/A,N/A,N/A,N/A,N/A,N/A,,N/A
SS0626_PP287_SM4_BF1_Base,SUCCESS,5.363333333333333,24,,174867.,0.03528,19.15,May 29 20:35,May 30 01:57,N/A,N/A,N/A,N/A,N/A,N/A,N/A,N/A,,N/A
SS0630_PP287_SM5_BF1_Base,Running,N/A,0,,N/A,N/A,N/A,Jun 01 22:48,N/A,N/A,N/A,N/A,N/A,N/A,N/A,N/A,N/A,,N/A
SS0637_PP285_SM5_BF1_Base,Running,N/A,0,,N/A,N/A,N/A,Jun 01 22:41,N/A,N/A,N/A,N/A,N/A,N/A,N/A,N/A,N/A,,N/A
SS0637_PP354_SM4_BF1_Base,Running,N/A,0,,N/A,N/A,N/A,Jun 01 22:21,N/A,N/A,N/A,N/A,N/A,N/A,N/A,N/A,N/A,,N/A
SS0638_PP370_SM4_BF1_Base,Running,N/A,0,,N/A,N/A,N/A,Jun 01 22:21,N/A,N/A,N/A,N/A,N/A,N/A,N/A,N/A,N/A,,N/A
SS0644_PP021_SM2_BF1_Base,Running,N/A,0,,N/A,N/A,N/A,Jun 01 19:08,N/A,N/A,N/A,N/A,N/A,N/A,N/A,N/A,N/A,,N/A
SS0644_PP060_SM4_BF1_Base,Running,N/A,0,,N/A,N/A,N/A,Jun 01 18:56,N/A,N/A,N/A,N/A,N/A,N/A,N/A,N/A,N/A,,N/A
SS0644_PP110_SM4_BF1_Base,Running,N/A,0,,N/A,N/A,N/A,Jun 01 19:24,N/A,N/A,N/A,N/A,N/A,N/A,N/A,N/A,N/A,,N/A
SS0644_PP132_SM2_BF1_Base,Running,N/A,0,,N/A,N/A,N/A,Jun 01 20:01,N/A,N/A,N/A,N/A,N/A,N/A,N/A,N/A,N/A,,N/A
SS0644_PP226_SM4_BF1_Base,Running,N/A,0,,N/A,N/A,N/A,Jun 01 22:50,N/A,N/A,N/A,N/A,N/A,N/A,N/A,N/A,N/A,,N/A
SS0644_PP386_SM4_BF1_Base,Running,N/A,0,,N/A,N/A,N/A,Jun 01 19:12,N/A,N/A,N/A,N/A,N/A,N/A,N/A,N/A,N/A,,N/A
